{"cameraMode":{"drawMode":0,"name":"Shaded","section":"Shading Mode"},"sceneLighting":false,"audioPlay":false,"sceneViewState":{"showFog":true,"showMaterialUpdate":false,"showSkybox":false,"showFlares":true,"showImageEffects":true,"showParticleSystems":true},"in2DMode":false,"pivot":{"x":1.1130000352859498,"y":0.6887643337249756,"z":-2.635999917984009},"rotation":{"x":-0.21933771669864655,"y":0.33486679196357729,"z":-0.080461785197258,"w":-0.9128420352935791},"size":1.0761520862579346,"orthographic":false}